type,interaction,Model,Target,Accuracy,Custom_Metric,Matthews Correlation Coefficient,1.0_Precision,1.0_Recall,1.0_F1-Score,3.0_Precision,3.0_Recall,3.0_F1-Score,macro avg_Precision,macro avg_Recall,macro avg_F1-Score,weighted avg_Precision,weighted avg_Recall,weighted avg_F1-Score
train_metrics,N/A,logistic_regression,SUT,0.6636732329084588,0.5801929620819959,0.3288525636569396,0.680973734785394,0.615874855156431,0.6467903863705508,0.6493918561607614,0.7114716106604867,0.679015758916229,0.6651827954730778,0.6636732329084589,0.6629030726433899,0.6651827954730778,0.6636732329084588,0.6629030726433899
test_metrics,N/A,logistic_regression,SUT,0.6126230457440649,0.5494149320590263,0.304784416256791,0.8445229681978799,0.27662037037037035,0.41673931996512636,0.567174515235457,0.9490150637311703,0.7100130039011703,0.7058487417166684,0.6128177170507703,0.5633761619331483,0.7059290394737507,0.6126230457440649,0.5632912535127846
