type,interaction,Model,Target,Accuracy,Custom_Metric,Matthews Correlation Coefficient,2.0_Precision,2.0_Recall,2.0_F1-Score,3.0_Precision,3.0_Recall,3.0_F1-Score,macro avg_Precision,macro avg_Recall,macro avg_F1-Score,weighted avg_Precision,weighted avg_Recall,weighted avg_F1-Score
train_metrics,N/A,logistic_regression,SUT,0.6093568945538818,0.5124906050675397,0.22090496195301532,0.5958851917703836,0.6796060254924682,0.6349979699553391,0.6272328951803168,0.5391077636152954,0.579841096744041,0.6115590434753502,0.6093568945538819,0.6074195333496901,0.6115590434753502,0.6093568945538818,0.6074195333496901
test_metrics,N/A,logistic_regression,SUT,0.3154859967051071,0.3418625293326226,0.07700321798672793,0.29557069846678025,0.9886039886039886,0.4550819672131147,0.9,0.04171494785631518,0.079734219269103,0.5977853492333901,0.5151594682301519,0.26740809324110887,0.725243257958682,0.3154859967051071,0.18825733255439797
