accuracy,precision,auc
0.6824644549763034,0.6824644549763034,0.6660398658973248
