accuracy,precision,auc
0.8537455410225921,0.8537455410225921,0.825007412956287
