accuracy,precision,auc
0.7490217998882057,0.7490217998882057,0.7600650803335366
