accuracy,precision,auc
0.8483947681331748,0.8483947681331748,0.8222685206860496
