accuracy,precision,auc
0.7501397428731135,0.7501397428731135,0.7637034777303234
