type,interaction,Model,Target,Accuracy,Custom_Metric,Matthews Correlation Coefficient,2.0_Precision,2.0_Recall,2.0_F1-Score,3.0_Precision,3.0_Recall,3.0_F1-Score,macro avg_Precision,macro avg_Recall,macro avg_F1-Score,weighted avg_Precision,weighted avg_Recall,weighted avg_F1-Score
test_metrics,PolygenicScoreEXT_x_DelinquentPeer,random_forest,SUT,0.5189456342668863,0.44939169080198954,0.14644437014591763,0.3423545331529093,0.7207977207977208,0.46422018348623856,0.7936842105263158,0.43684820393974505,0.5635276532137519,0.5680193718396125,0.5788229623687329,0.5138739183499952,0.6631926810715665,0.5189456342668863,0.5348151969745779
test_metrics,PolygenicScoreEXT_x_SchoolConnect,random_forest,SUT,0.5032948929159803,0.4349589570516048,0.12696871968326967,0.3337730870712401,0.7207977207977208,0.4562669071235347,0.7850877192982456,0.4148319814600232,0.5428354814253223,0.5594304031847428,0.567814851128872,0.4995511942744285,0.6546005397993339,0.5032948929159803,0.5178061819360905
test_metrics,PolygenicScoreEXT_x_NeighborConnect,random_forest,SUT,0.528830313014827,0.4591908146564924,0.1603523798433851,0.3484224965706447,0.7236467236467237,0.47037037037037044,0.8,0.4495944380069525,0.57566765578635,0.5742112482853223,0.5866205808268381,0.5230190130783603,0.6694368173775094,0.528830313014827,0.5452233829848601
test_metrics,PolygenicScoreEXT_x_ParentalWarmth,random_forest,SUT,0.5041186161449753,0.4335304991644886,0.12293982508240568,0.33288948069241014,0.7122507122507122,0.4537205081669692,0.7818574514038877,0.41946697566628044,0.5460030165912518,0.557373466048149,0.5658588439584964,0.4998617623791105,0.6520487547649021,0.5041186161449753,0.519321665308778
test_metrics,PolygenicScoreEXT_x_AntisocialTrajectory,random_forest,SUT,0.5189456342668863,0.4530623131458188,0.1549008754557788,0.3444592790387183,0.7350427350427351,0.46909090909090906,0.8,0.43105446118192353,0.5602409638554217,0.5722296395193591,0.5830485981123293,0.5146659364731654,0.6682909447632539,0.5189456342668863,0.5338870353361928
