type,interaction,Model,Target,Accuracy,Custom_Metric,Matthews Correlation Coefficient,1.0_Precision,1.0_Recall,1.0_F1-Score,3.0_Precision,3.0_Recall,3.0_F1-Score,macro avg_Precision,macro avg_Recall,macro avg_F1-Score,weighted avg_Precision,weighted avg_Recall,weighted avg_F1-Score
test_metrics,PolygenicScoreEXT_x_DelinquentPeer,random_forest,SUT,0.6687898089171974,0.5866507860997292,0.3392254048686877,0.6871794871794872,0.6203703703703703,0.6520681265206812,0.6536430834213305,0.7172653534183082,0.6839779005524862,0.6704112853004088,0.6688178618943392,0.6680230135365837,0.6704209947398293,0.6687898089171974,0.6680137750380222
test_metrics,PolygenicScoreEXT_x_SchoolConnect,random_forest,SUT,0.6763173132599885,0.5964448509712714,0.3552148555431894,0.7003942181340341,0.6168981481481481,0.6559999999999999,0.6573498964803313,0.7358053302433372,0.6943685073810826,0.6788720573071827,0.6763517391957427,0.6751842536905412,0.6788845194732666,0.6763173132599885,0.6751731452633898
test_metrics,PolygenicScoreEXT_x_NeighborConnect,random_forest,SUT,0.677475390851187,0.5975634204441151,0.35671960475507686,0.6970474967907574,0.6284722222222222,0.6609860012172853,0.6613924050632911,0.7265353418308227,0.6924351187189398,0.6792199509270243,0.6775037820265224,0.6767105599681126,0.6792302737677096,0.677475390851187,0.6767014548385522
test_metrics,PolygenicScoreEXT_x_ParentalWarmth,random_forest,SUT,0.6676317313259988,0.5855098842245549,0.33767247206499673,0.6902887139107612,0.6087962962962963,0.6469864698646987,0.649740932642487,0.7265353418308227,0.6859956236323851,0.6700148232766241,0.6676658190635595,0.6664910467485419,0.670026562645839,0.6676317313259988,0.6664797528418344
test_metrics,PolygenicScoreEXT_x_AntisocialTrajectory,random_forest,SUT,0.6722640416907932,0.5914527172892995,0.3473020838914309,0.6970899470899471,0.6099537037037037,0.6506172839506174,0.6529351184346035,0.7346465816917729,0.6913849509269356,0.6750125327622754,0.6723001426977383,0.6710011174387764,0.6750253164416776,0.6722640416907932,0.6709893144083838
