MSE,RMSE,MAE,R-squared
1.1202355030219249,1.0584117832969948,0.8116568509414792,-0.37002230900959576
