accuracy,precision,auc
0.8261598658468418,0.8261598658468418,0.6931969773725093
