MSE,RMSE,MAE,R-squared
1.2450516942596725,1.1158188447322768,0.8706858128506885,-0.2498465561099188
