MSE,RMSE,MAE,R-squared
1.2533917274049777,1.1195497878187364,0.9246776633517055,-0.30406965789612905
