MSE,RMSE,MAE,R-squared
0.41853883847694784,0.6469457770763697,0.5092607107994391,-0.6751518749517846
