MSE,RMSE,MAE,R-squared
1.2714916673243084,1.127604393093743,0.8559416179050539,-0.35610232780590123
