accuracy,precision,auc
0.9756387403446227,0.9756387403446227,0.7094071385359951
