accuracy,precision,auc
0.7942105263157895,0.7942105263157895,0.5999796995533901
