accuracy,precision,auc
0.820570150922303,0.820570150922303,0.6869891928402567
