MSE,RMSE,MAE,R-squared
1.3577841845126926,1.1652399686385173,0.9324784565972124,-0.37289780520483595
