MSE,RMSE,MAE,R-squared
1.1751549061529365,1.084045619959297,0.7768968441447772,-0.2620656320889705
