accuracy,precision,auc
0.7973684210526316,0.7973684210526316,0.6001732619512978
