accuracy,precision,auc
0.9738562091503268,0.9738562091503268,0.7084996975196612
