accuracy,precision,auc
0.8211291224147569,0.8211291224147569,0.6872931442080379
